Workbook

Sheet Raw_Data
A1: Asset_ID | B1: Equipment_Type | C1: Brand | D1: Condition | E1: Age_Years | F1: Quantity | G1: Unit_Cost | H1: Maintenance_Cost | I1: Warranty | J1: Department
A2: A8000 | B2: Desktop | C2: Epson | D2: Fair | E2: 5 | F2: 2 | G2: 45000 | H2: 1504 | I2: No | J2: Library
A3: A8001 | B3: Projector | C3: Dell | D3: Fair | E3: 6 | F3: 4 | G3: 45000 | H3: 3418 | I3: Yes | J3: Admin
A4: A8002 | B4: Laptop | C4: Dell | D4: Fair | E4: 4 | F4: 5 | G4: 25000 | H4: 3162 | I4: No | J4: Faculty
A5: A8003 | B5: Projector | C5: Cisco | D5: Needs Repair | E5: 5 | F5: 8 | G5: 25000 | H5: 606 | I5: Yes | J5: Admin
A6: A8004 | B6: Router | C6: Epson | D6: Good | E6: 3 | F6: 3 | G6: 25000 | H6: 551 | I6: Yes | J6: Admin
A7: A8005 | B7: Router | C7: HP | D7: Fair | E7: 2 | F7: 4 | G7: 45000 | H7: 1341 | I7: Yes | J7: IT
A8: A8006 | B8: Desktop | C8: HP | D8: Good | E8: 7 | F8: 7 | G8: 45000 | H8: 4574 | I8: Yes | J8: Library
A9: A8007 | B9: Laptop | C9: Dell | D9: Fair | E9: 7 | F9: 6 | G9: 25000 | H9: 4615 | I9: Yes | J9: Admin
A10: A8008 | B10: Router | C10: Epson | D10: Good | E10: 0 | F10: 9 | G10: 60000 | H10: 456 | I10: Yes | J10: Admin
A11: A8009 | B11: Router | C11: Lenovo | D11: Good | E11: 5 | F11: 7 | G11: 18000 | H11: 4612 | I11: Yes | J11: Library
A12: A8010 | B12: Laptop | C12: Cisco | D12: Good | E12: 6 | F12: 4 | G12: 60000 | H12: 4779 | I12: Yes | J12: IT
A13: A8011 | B13: Router | C13: Dell | D13: Needs Repair | E13: 1 | F13: 1 | G13: 60000 | H13: 759 | I13: No | J13: IT
... A51: A8049 | B51: Router | C51: Lenovo | D51: Needs Repair | E51: 2 | F51: 9 | G51: 45000 | H51: 157 | I51: No | J51: Faculty

Sheet Cleaned Data
A1: Asset_ID | B1: Equipment_Type | C1: Brand | D1: Condition | E1: Age_Years | F1: Quantity | G1: Unit_Cost | H1: Maintenance_Cost | I1: Warranty | J1: Department
A2: A8000 | B2: Desktop | C2: Epson | D2: Fair | E2: 5 | F2: 2 | G2: 45000 | H2: 1504 | I2: No | J2: Library
A3: A8001 | B3: Projector | C3: Dell | D3: Fair | E3: 6 | F3: 4 | G3: 45000 | H3: 3418 | I3: Yes | J3: Admin
A4: A8002 | B4: Laptop | C4: Dell | D4: Fair | E4: 4 | F4: 5 | G4: 25000 | H4: 3162 | I4: No | J4: Faculty
A5: A8003 | B5: Projector | C5: Cisco | D5: Needs Repair | E5: 5 | F5: 8 | G5: 25000 | H5: 606 | I5: Yes | J5: Admin
A6: A8004 | B6: Router | C6: Epson | D6: Good | E6: 3 | F6: 3 | G6: 25000 | H6: 551 | I6: Yes | J6: Admin
A7: A8005 | B7: Router | C7: HP | D7: Fair | E7: 2 | F7: 4 | G7: 45000 | H7: 1341 | I7: Yes | J7: IT
A8: A8006 | B8: Desktop | C8: HP | D8: Good | E8: 7 | F8: 7 | G8: 45000 | H8: 4574 | I8: Yes | J8: Library
A9: A8007 | B9: Laptop | C9: Dell | D9: Fair | E9: 7 | F9: 6 | G9: 25000 | H9: 4615 | I9: Yes | J9: Admin
A10: A8008 | B10: Router | C10: Epson | D10: Good | E10: 0 | F10: 9 | G10: 60000 | H10: 456 | I10: Yes | J10: Admin
A11: A8009 | B11: Router | C11: Lenovo | D11: Good | E11: 5 | F11: 7 | G11: 18000 | H11: 4612 | I11: Yes | J11: Library
A12: A8010 | B12: Laptop | C12: Cisco | D12: Good | E12: 6 | F12: 4 | G12: 60000 | H12: 4779 | I12: Yes | J12: IT
A13: A8011 | B13: Router | C13: Dell | D13: Needs Repair | E13: 1 | F13: 1 | G13: 60000 | H13: 759 | I13: No | J13: IT
... A51: A8049 | B51: Router | C51: Lenovo | D51: Needs Repair | E51: 2 | F51: 9 | G51: 45000 | H51: 157 | I51: No | J51: Faculty
A53: Data Check | B53: Result
A54: Duplicate Asset_IDs | B54: =COUNTIF(Raw_Data!A:A, Raw_Data!A2) -> 1
A55: Blank in Age_Years | B55: =COUNTBLANK(E2:E50) -> 0
A56: Blank in Quantity | B56: =COUNTBLANK(F2:F50) -> 0

Sheet Calculations
A1: Metric | B1: Age_Years | C1: Quantity | D1: Unit_Cost | E1: Maintenance_Cost | F1: Equipment Type | G1: Total Units | H1: Total Acquisition Value | I1: Condition | J1: Total Units | K1: Total Acquisition Value | L1: Total Maintenance Cost | M1: Equipment Type | N1: Total Maintenance Cost | P1: Warranty Status
A2: Mean | B2: =AVERAGE(Raw_Data!E2:E50) -> 3.9591837 | C2: =AVERAGE(Raw_Data!F2:F50) -> 5.5102041 | D2: =AVERAGE(Raw_Data!G2:G50) -> 33428.571 | E2: =AVERAGE(Raw_Data!H2:H50) -> 2347.449 | F2: Desktop | G2: =SUMIF(Raw_Data!B2:B50,"Desktop",Raw_Data!F2:F50) -> 49 | H2: {=SUMPRODUCT((Raw_Data!J2:J50="Library")*(Raw_Data!F2:F50)*(Raw_Data!G2:G50))} -> 1281000 | I2: Good | J2: =SUMIF(Raw_Data!D2:D50,"Good",Raw_Data!F2:F50) -> 108 | K2: {=SUMPRODUCT((Raw_Data!D2:D50="Good")*(Raw_Data!F2:F50)*(Raw_Data!G2:G50))} -> 3652000 | L2: =SUMIF(Raw_Data!D2:D50,"Good",Raw_Data!H2:H50) -> 47459 | M2: Desktop | N2: =SUMIF(Raw_Data!B2:B50,"Desktop",Raw_Data!H2:H50) -> 21890 | P2: Yes
A3: Median | B3: =MEDIAN(Raw_Data!E2:E50) -> 4 | C3: =MEDIAN(Raw_Data!F2:F50) -> 6 | D3: =MEDIAN(Raw_Data!G2:G50) -> 35000 | E3: =MEDIAN(Raw_Data!H2:H50) -> 1713 | F3: Laptop | G3: =SUMIF(Raw_Data!B2:B50,"Laptop",Raw_Data!F2:F50) -> 60 | H3: {=SUMPRODUCT((Raw_Data!J2:J50="Admin")*(Raw_Data!F2:F50)*(Raw_Data!G2:G50))} -> 3365000 | I3: Fair | J3: =SUMIF(Raw_Data!D2:D50,"Fair",Raw_Data!F2:F50) -> 97 | K3: {=SUMPRODUCT((Raw_Data!D2:D50="Fair")*(Raw_Data!F2:F50)*(Raw_Data!G2:G50))} -> 3034000 | L3: =SUMIF(Raw_Data!D2:D50,"Fair",Raw_Data!H2:H50) -> 49975 | M3: Laptop | N3: =SUMIF(Raw_Data!B2:B50,"Laptop",Raw_Data!H2:H50) -> 28361 | P3: No
A4: Min | B4: =MIN(Raw_Data!E2:E50) -> 0 | C4: =MIN(Raw_Data!F2:F50) -> 1 | D4: =MIN(Raw_Data!G2:G50) -> 18000 | E4: =MIN(Raw_Data!H2:H50) -> 20 | F4: Printer | G4: =SUMIF(Raw_Data!B2:B50,"Printer",Raw_Data!F2:F50) -> 31 | H4: {=SUMPRODUCT((Raw_Data!J2:J50="Faculty")*(Raw_Data!F2:F50)*(Raw_Data!G2:G50))} -> 1477000 | I4: Needs Repair | J4: =SUMIF(Raw_Data!D2:D50,"Needs Repair",Raw_Data!F2:F50) -> 65 | K4: {=SUMPRODUCT((Raw_Data!D2:D50="Needs Repair")*(Raw_Data!F2:F50)*(Raw_Data!G2:G50))} -> 2077000 | L4: =SUMIF(Raw_Data!D2:D50,"Needs Repair",Raw_Data!H2:H50) -> 17591 | M4: Printer | N4: =SUMIF(Raw_Data!B2:B50,"Printer",Raw_Data!H2:H50) -> 19205
A5: Max | B5: =MAX(Raw_Data!E2:E50) -> 7 | C5: =MAX(Raw_Data!F2:F50) -> 10 | D5: =MAX(Raw_Data!G2:G50) -> 60000 | E5: =MAX(Raw_Data!H2:H50) -> 5799 | F5: Router | G5: =SUMIF(Raw_Data!B2:B50,"Router",Raw_Data!F2:F50) -> 61 | H5: {=SUMPRODUCT((Raw_Data!J2:J50="IT")*(Raw_Data!F2:F50)*(Raw_Data!G2:G50))} -> 2640000 | M5: Router | N5: =SUMIF(Raw_Data!B2:B50,"Router",Raw_Data!H2:H50) -> 22081
F6: Projector | G6: =SUMIF(Raw_Data!B2:B50,"Projector",Raw_Data!F2:F50) -> 69 | M6: Projector | N6: =SUMIF(Raw_Data!B2:B50,"Projector",Raw_Data!H2:H50) -> 23488
A8: Metric | B8: Result | D8: Highest Maintenance Cost | H8: Condition | I8: Record Count | K8: Department | L8: Desktop | M8: Laptop | N8: Printer | O8: Projector | P8: Router
A9: Total Units | B9: =SUM(Raw_Data!F2:F50) -> 270 | C9: Asset_ID | D9: Equipment_Type | E9: Department | F9: Maintenance Cost | H9: Good | I9: =COUNTIF(D$2:D$51, "Good") -> 0 | K9: Admin | L9: =SUMIFS(Raw_Data!F$2:F$51, Raw_Data!B$2:B$51, "Desktop", Raw_Data!J$2:J$51, "Admin") -> 10 | M9: =SUMIFS(Raw_Data!F$2:F$51, Raw_Data!B$2:B$51, "Laptop", Raw_Data!J$2:J$51, "Admin") -> 12 | N9: =SUMIFS(Raw_Data!F$2:F$51, Raw_Data!B$2:B$51, "Printer", Raw_Data!J$2:J$51, "Admin") -> 10 | O9: =SUMIFS(Raw_Data!F$2:F$51, Raw_Data!B$2:B$51, "Projector", Raw_Data!J$2:J$51, "Admin") -> 37 | P9: =SUMIFS(Raw_Data!F$2:F$51, Raw_Data!B$2:B$51, "Router", Raw_Data!J$2:J$51, "Admin") -> 29
A10: Total Acquisition Value | B10: =SUMPRODUCT(Raw_Data!F2:F50, Raw_Data!G2:G50) -> 8763000 | C10: =INDEX(Raw_Data!A2:A50, MATCH(LARGE(Raw_Data!H2:H50,1), Raw_Data!H2:H50,0)) -> A8036 | D10: =INDEX(Raw_Data!B2:B50, MATCH(LARGE(Raw_Data!H2:H50,1), Raw_Data!H2:H50,0)) -> Projector | E10: =INDEX(Raw_Data!J2:J50, MATCH(LARGE(Raw_Data!H2:H50,1), Raw_Data!H2:H50,0)) -> IT | F10: =LARGE(Raw_Data!H2:H50,1) -> 5799 | H10: Fair | I10: =COUNTIF(D$2:D$51, "Fair") -> 0 | K10: Faculty | L10: =SUMIFS(Raw_Data!F$2:F$51, Raw_Data!B$2:B$51, "Desktop", Raw_Data!J$2:J$51, "Faculty") -> 9 | M10: =SUMIFS(Raw_Data!F$2:F$51, Raw_Data!B$2:B$51, "Laptop", Raw_Data!J$2:J$51, "Faculty") -> 18 | N10: =SUMIFS(Raw_Data!F$2:F$51, Raw_Data!B$2:B$51, "Printer", Raw_Data!J$2:J$51, "Faculty") -> 1 | O10: =SUMIFS(Raw_Data!F$2:F$51, Raw_Data!B$2:B$51, "Projector", Raw_Data!J$2:J$51, "Faculty") -> 9 | P10: =SUMIFS(Raw_Data!F$2:F$51, Raw_Data!B$2:B$51, "Router", Raw_Data!J$2:J$51, "Faculty") -> 24
H11: Needs Repair | I11: 12 | K11: IT | L11: =SUMIFS(Raw_Data!F$2:F$51, Raw_Data!B$2:B$51, "Desktop", Raw_Data!J$2:J$51, "IT") -> 16 | M11: =SUMIFS(Raw_Data!F$2:F$51, Raw_Data!B$2:B$51, "Laptop", Raw_Data!J$2:J$51, "IT") -> 7 | N11: =SUMIFS(Raw_Data!F$2:F$51, Raw_Data!B$2:B$51, "Printer", Raw_Data!J$2:J$51, "IT") -> 20 | O11: =SUMIFS(Raw_Data!F$2:F$51, Raw_Data!B$2:B$51, "Projector", Raw_Data!J$2:J$51, "IT") -> 21 | P11: =SUMIFS(Raw_Data!F$2:F$51, Raw_Data!B$2:B$51, "Router", Raw_Data!J$2:J$51, "IT") -> 10
K12: Library | L12: =SUMIFS(Raw_Data!F$2:F$51, Raw_Data!B$2:B$51, "Desktop", Raw_Data!J$2:J$51, "Library") -> 14 | M12: =SUMIFS(Raw_Data!F$2:F$51, Raw_Data!B$2:B$51, "Laptop", Raw_Data!J$2:J$51, "Library") -> 23 | N12: =SUMIFS(Raw_Data!F$2:F$51, Raw_Data!B$2:B$51, "Printer", Raw_Data!J$2:J$51, "Library") -> 0 | O12: =SUMIFS(Raw_Data!F$2:F$51, Raw_Data!B$2:B$51, "Projector", Raw_Data!J$2:J$51, "Library") -> 2 | P12: =SUMIFS(Raw_Data!F$2:F$51, Raw_Data!B$2:B$51, "Router", Raw_Data!J$2:J$51, "Library") -> 7
K13: Total | L13: =SUMIF(Raw_Data!B$2:B$51, "Desktop", Raw_Data!F$2:F$51) -> 49 | M13: =SUMIF(Raw_Data!B$2:B$51, "Laptop", Raw_Data!F$2:F$51) -> 60 | N13: =SUMIF(Raw_Data!B$2:B$51, "Printer", Raw_Data!F$2:F$51) -> 31 | O13: =SUMIF(Raw_Data!B$2:B$51, "Projector", Raw_Data!F$2:F$51) -> 69 | P13: =SUMIF(Raw_Data!B$2:B$51, "Router", Raw_Data!F$2:F$51) -> 70
A17: Total Acquisition Value | B17: Total Maintenance Cost | C17: Department | D17: Total Units
A18: {=SUMPRODUCT((Raw_Data!B2:B50="Desktop")*(Raw_Data!F2:F50)*(Raw_Data!G2:G50))} -> 2020000 | B18: =SUMIF(Raw_Data!B2:B50,"Desktop",Raw_Data!H2:H50) -> 21890 | C18: Library | D18: =SUMIF(Raw_Data!J2:J50,"Library",Raw_Data!F2:F50) -> 46
A19: {=SUMPRODUCT((Raw_Data!B2:B50="Laptop")*(Raw_Data!F2:F50)*(Raw_Data!G2:G50))} -> 1614000 | B19: =SUMIF(Raw_Data!B2:B50,"Laptop",Raw_Data!H2:H50) -> 28361 | C19: Admin | D19: =SUMIF(Raw_Data!J2:J50,"Admin",Raw_Data!F2:F50) -> 98 | P19: Average Maintenance Cost
A20: {=SUMPRODUCT((Raw_Data!B2:B50="Printer")*(Raw_Data!F2:F50)*(Raw_Data!G2:G50))} -> 1079000 | B20: =SUMIF(Raw_Data!B2:B50,"Printer",Raw_Data!H2:H50) -> 19205 | C20: Faculty | D20: =SUMIF(Raw_Data!J2:J50,"Faculty",Raw_Data!F2:F50) -> 52 | P20: =AVERAGEIF(Raw_Data!I2:I50,"Yes",Raw_Data!H2:H50) -> 2570.1111
A21: {=SUMPRODUCT((Raw_Data!B2:B50="Router")*(Raw_Data!F2:F50)*(Raw_Data!G2:G50))} -> 1997000 | B21: =SUMIF(Raw_Data!B2:B50,"Router",Raw_Data!H2:H50) -> 22081 | C21: IT | D21: =SUMIF(Raw_Data!J2:J50,"IT",Raw_Data!F2:F50) -> 74 | P21: =AVERAGEIF(Raw_Data!I2:I50,"No",Raw_Data!H2:H50) -> 1730.8462
A22: {=SUMPRODUCT((Raw_Data!B2:B50="Projector")*(Raw_Data!F2:F50)*(Raw_Data!G2:G50))} -> 2053000 | B22: =SUMIF(Raw_Data!B2:B50,"Projector",Raw_Data!H2:H50) -> 23488
A24: Priority Level | B24: Criteria / Condition | C24: Record Count | D24: Total Units
A25: High Priority (Needs Repair) | B25: Condition = Needs Repair | C25: =COUNTIF(Raw_Data!D2:D51, "Needs Repair") -> 12 | D25: =SUMIF('Cleaned Data'!D2:D51, "Needs Repair", 'Cleaned Data'!F2:F51) -> 74
A26: Medium Priority (Aging) | B26: Age >= 5 & Condition = Fair | C26: =COUNTIFS(Raw_Data!E2:E51, ">=5", Raw_Data!D2:D51, "Fair") -> 8 | D26: =SUMIFS('Cleaned Data'!F2:F51, 'Cleaned Data'!E2:E51, ">=5", 'Cleaned Data'!D2:D51, "Fair") -> 30
A27: Low Priority (Normal) | B27: All Other Equipment | C27: =COUNTIFS('Cleaned Data'!D2:D51, "<>Needs Repair", 'Cleaned Data'!E2:E51, "<5") + COUNTIFS('Cleaned Data'!D2:D51, "Good", 'Cleaned Data'!E2:E51, ">=5") -> 30 | D27: =SUMIFS('Cleaned Data'!F2:F51, 'Cleaned Data'!D2:D51, "<>Needs Repair", 'Cleaned Data'!E2:E51, "<5") + SUMIFS('Cleaned Data'!F2:F51, 'Cleaned Data'!D2:D51, "Good", 'Cleaned Data'!E2:E51, ">=5") -> 175
A28: Total | B28: — | C28: =SUM(C25:C27) -> 50 | D28: =SUM(D25:D27) -> 279

Sheet Pivot Table
A3: Row Labels | B3: Sum of Quantity | C3: Average of Age_year | D3: Sum of Unit_Cost | E3: Sum of Maintenance_Cost
A4: Desktop | B4: 49 | C4: 4.5 | D4: 343000 | E4: 21890
A5: Laptop | B5: 60 | C5: 4.1818182 | D5: 309000 | E5: 28361
A6: Printer | B6: 31 | C6: 4.7142857 | D6: 236000 | E6: 19205
A7: Projector | B7: 69 | C7: 3.5454545 | D7: 341000 | E7: 23488
A8: Router | B8: 70 | C8: 3.2307692 | D8: 454000 | E8: 22238
A9: Grand Total | B9: 279 | C9: 3.92 | D9: 1683000 | E9: 115182
A13: Metric | B13: Result
A14: Highest Inventory Value | B14: =MAX(D4:D8) -> 454000
A15: Top Equipment Type | B15: Router

Sheet Chart

Sheet Interpretation and recommendati
A1: Key Patterns
A2: Imbalanced Laptop Allocation
A3: Printer Hoarding in IT
A4: Heavy Router Concentration in Library
A5: Aging Desktop Inventory
A7: Inventory Issues
A8: Issue: The IT department has 0 Laptops (holds 15 Desktops instead), while Faculty (18) and Library (25) hold the vast majority.
A9: Issue: IT holds 18 out of the total 35 Printers (over 50% of all printer inventory), while Library only has 12 and Admin has 2.
A10: Issue: The Library holds 35 out of 61 Routers (57% of total router stock).
A11: Issue: Desktops have the highest average age (4.5 years), with total maintenance costs already reaching ₱21,890.00.
A14: Evidence-Based Recommendations
A16: Reallocate 3 Laptops to IT: Shift idle laptops from Faculty or Library to eliminate IT's complete lack of mobile hardware.
... A18: Reclassify 35 Library Routers: Re-tag central network infrastructure correctly under IT operational control rather than Library inventory.
